Domain,Cloudflare Email
mab99.co,visionseoteam28@gmail.com
ambvariety88.org,visionseoteam28@gmail.com
singapore369.net,visionseoteam28@gmail.com
singapore369.org,visionseoteam28@gmail.com
thonevip.net,visionseoteam28@gmail.com
thonevip.org,visionseoteam28@gmail.com
naka65.org,visionseoteam28@gmail.com
ufa9m.co,visionseoteam28@gmail.com
spacex89.net,visionseoteam28@gmail.com
spacex89.org,visionseoteam28@gmail.com
kodzean88.com,visionseoteam28@gmail.com
kodzean88.org,visionseoteam28@gmail.com
akfunz.net,visionseoteam28@gmail.com
akfunz.org,visionseoteam28@gmail.com
rollsroyce88.com,visionseoteam28@gmail.com
noar98.org,visionseoteam28@gmail.com
play97.net,visionseoteam28@gmail.com
mg7379.com,visionseoteam28@gmail.com
tm69.net,visionseoteam28@gmail.com
pgslotgaming.org,visionseoteam28@gmail.com
lunarbet666.net,visionseoteam28@gmail.com
lunarbet666.org,visionseoteam28@gmail.com
mane77.net,visionseoteam28@gmail.com
mane77.org,visionseoteam28@gmail.com
fat168.co,visionseoteam28@gmail.com
therich789.net,visionseoteam28@gmail.com
4x4kings888.net,visionseoteam28@gmail.com
suupersup1688.com,visionseoteam28@gmail.com
suupersup1688.net,visionseoteam28@gmail.com
themoon789.net,visionseoteam28@gmail.com
chicago928.org,visionseoteam28@gmail.com
royalking24.net,visionseoteam28@gmail.com
royalking24.org,visionseoteam28@gmail.com
ggplus88.net,visionseoteam28@gmail.com
ggplus88.org,visionseoteam28@gmail.com
asian899.net,visionseoteam28@gmail.com
luca99game.com,visionseoteam28@gmail.com
chicago9288.com,visionseoteam28@gmail.com
vegasthai.net,visionseoteam28@gmail.com
vegasthai.org,visionseoteam28@gmail.com
vegasthaivip.org,visionseoteam28@gmail.com
flik555.co,visionseoteam28@gmail.com
mangmee168.com,visionseoteam28@gmail.com
mangmee168.net,visionseoteam28@gmail.com
allure289.co,visionseoteam28@gmail.com
welcome999.net,visionseoteam28@gmail.com
uk369club.net,visionseoteam28@gmail.com
uk369club.org,visionseoteam28@gmail.com
queenslot568.net,visionseoteam28@gmail.com
queenslot568.org,visionseoteam28@gmail.com
judhai866.com,visionseoteam28@gmail.com
judhai866.net,visionseoteam28@gmail.com
judhai866.org,visionseoteam28@gmail.com
unix789.org,visionseoteam28@gmail.com
pgwin89.net,visionseoteam28@gmail.com
aurora789.org,visionseoteam28@gmail.com
godking88.org,visionseoteam28@gmail.com
shuckywin.net,visionseoteam28@gmail.com
shuckywin.org,visionseoteam28@gmail.com
hongkong789.org,visionseoteam28@gmail.com
funswin.org,visionseoteam28@gmail.com
jinlong888.net,visionseoteam28@gmail.com
g2g5b.net,visionseoteam28@gmail.com
zoro1688.com,visionseoteam28@gmail.com
pgwin899.com,visionseoteam28@gmail.com
flashx244.com,visionseoteam28@gmail.com
pgonly.org,visionseoteam28@gmail.com
ncclub.net,visionseoteam28@gmail.com
t8bet.org,visionseoteam28@gmail.com
jet168.net,visionseoteam28@gmail.com
shanghai669.net,visionseoteam28@gmail.com
shanghai669.org,visionseoteam28@gmail.com
maha555.co,visionseoteam28@gmail.com
mo555.co,visionseoteam28@gmail.com
tkb666.org,visionseoteam28@gmail.com
bkm22.net,visionseoteam28@gmail.com
bkm22.org,visionseoteam28@gmail.com
ambk8.co,visionseoteam28@gmail.com
pgneko88.co,visionseoteam28@gmail.com
show96.org,visionseoteam28@gmail.com
onelove168.org,visionseoteam28@gmail.com
westbluez.net,visionseoteam28@gmail.com
gazabet.org,visionseoteam28@gmail.com
day99vip.org,visionseoteam28@gmail.com
glory87.org,visionseoteam28@gmail.com
luffy86.net,visionseoteam28@gmail.com
luffy86.org,visionseoteam28@gmail.com
gtx89.net,visionseoteam28@gmail.com
g669.net,visionseoteam28@gmail.com
g669.org,visionseoteam28@gmail.com
luxofficial.net,visionseoteam28@gmail.com
pg999slot.net,visionseoteam28@gmail.com
pg999slot.org,visionseoteam28@gmail.com
legacyvip.net,visionseoteam28@gmail.com
tga8611.com,visionseoteam28@gmail.com
maha5555.com,visionseoteam28@gmail.com
fly5555.com,visionseoteam28@gmail.com
pgcash7777.com,visionseoteam28@gmail.com
pgwin7899.com,visionseoteam28@gmail.com
yadom1688.com,visionseoteam28@gmail.com
siam966.com,visionseoteam28@gmail.com
flixstar1688.com,visionseoteam28@gmail.com
tgax1688.com,visionseoteam28@gmail.com
ambk88.com,visionseoteam28@gmail.com
hongkong7899.com,visionseoteam28@gmail.com
unix7899.com,visionseoteam28@gmail.com
godking888.com,visionseoteam28@gmail.com
omg7877.com,visionseoteam28@gmail.com
5977slot.net,visionseoteam28@gmail.com
duo189.org,visionseoteam28@gmail.com
thonsure1688.com,visionseoteam28@gmail.com
z16vip.org,visionseoteam28@gmail.com
asha88bet.org,visionseoteam28@gmail.com
thong99.org,visionseoteam28@gmail.com
faw99th.org,visionseoteam28@gmail.com
flix333slot.net,visionseoteam28@gmail.com
m4finnslot.com,visionseoteam28@gmail.com
m4finnslot.org,visionseoteam28@gmail.com
ufa038.org,visionseoteam28@gmail.com
rachawin88.net,visionseoteam28@gmail.com
lsm789next.org,visionseoteam28@gmail.com
chokdee365.com,visionseoteam28@gmail.com
wolfwin888.org,visionseoteam28@gmail.com
fg98th.org,visionseoteam28@gmail.com
slot69mvp.org,visionseoteam28@gmail.com
heng24.net,visionseoteam28@gmail.com
singi899.com,visionseoteam28@gmail.com
ving999slot.com,visionseoteam28@gmail.com
ufa69x.net,visionseoteam28@gmail.com
omg789vip.net,visionseoteam28@gmail.com
pgking999.net,visionseoteam28@gmail.com
