domain,cf_email
ufa777d.net,ufavisionseoteam22@gmail.com
ufa2899.com,ufavisionseoteam22@gmail.com
ufapro888.net,ufavisionseoteam22@gmail.com
ufastar825.net,ufavisionseoteam22@gmail.com
ufa100vip.net,ufavisionseoteam22@gmail.com
ufabtb.com,ufavisionseoteam22@gmail.com
ufabetwin666.net,ufavisionseoteam22@gmail.com
ufasoc.com,ufavisionseoteam22@gmail.com
ving888.net,ufavisionseoteam21@gmail.com
luca88.net,ufavisionseoteam21@gmail.com
fafa855mm.net,ufavisionseoteam22@gmail.com
remix66.com,ufavisionseoteam22@gmail.com
lnwthor.net,ufavisionseoteam22@gmail.com
lnwthor.org,ufavisionseoteam22@gmail.com
pg669.net,ufavisionseoteam22@gmail.com
pg669.org,ufavisionseoteam22@gmail.com
bank1000.net,ufavisionseoteam22@gmail.com
bank1000.org,ufavisionseoteam22@gmail.com
lsm1800.org,ufavisionseoteam22@gmail.com
pgthai289.org,ufavisionseoteam22@gmail.com
autosbetth3.org,ufavisionseoteam22@gmail.com
goatbetgod.org,ufavisionseoteam22@gmail.com
deebet888.org,ufavisionseoteam22@gmail.com
bwon.org,ufavisionseoteam22@gmail.com
naza79.org,ufavisionseoteam22@gmail.com
bighuay.info,ufavisionseoteam22@gmail.com
goatbet44.info,ufavisionseoteam22@gmail.com
fbauto.info,ufavisionseoteam22@gmail.com
marina88.info,ufavisionseoteam22@gmail.com
ambcute.net,ufavisionseoteam22@gmail.com
ambcute.org,ufavisionseoteam22@gmail.com
diamon789.com,ufavisionseoteam22@gmail.com
diamon789.net,ufavisionseoteam22@gmail.com
diamon789.org,ufavisionseoteam22@gmail.com
ambfun168.org,ufavisionseoteam22@gmail.com
pnvvip.net,ufavisionseoteam22@gmail.com
sp168.org,ufavisionseoteam22@gmail.com
dubai678.com,ufavisionseoteam22@gmail.com
hitz69.net,ufavisionseoteam22@gmail.com
hitz69.org,ufavisionseoteam22@gmail.com
ufaclub365.org,ufavisionseoteam22@gmail.com
moneyplus99.net,ufavisionseoteam22@gmail.com
seoul69.org,ufavisionseoteam22@gmail.com
cyberpunkbet.net,ufavisionseoteam22@gmail.com
sandwin.net,ufavisionseoteam22@gmail.com
365superking.org,ufavisionseoteam22@gmail.com
gtr55club.org,ufavisionseoteam22@gmail.com
majes789.net,ufavisionseoteam22@gmail.com
fast24h.net,ufavisionseoteam22@gmail.com
ufabetre.org,ufavisionseoteam22@gmail.com
123lavagames.net,ufavisionseoteam22@gmail.com
maxbet24.net,ufavisionseoteam22@gmail.com
basa789.org,ufavisionseoteam22@gmail.com
pgjokernarok.org,ufavisionseoteam22@gmail.com
7m8888.org,ufavisionseoteam22@gmail.com
hubslotxovip.org,ufavisionseoteam22@gmail.com
gxy888.org,ufavisionseoteam22@gmail.com
spxslot.org,ufavisionseoteam22@gmail.com
hubslotxovip.com,ufavisionseoteam22@gmail.com
wy888.net,ufavisionseoteam22@gmail.com
dope88.net,ufavisionseoteam22@gmail.com
ftk89.org,ufavisionseoteam22@gmail.com
rachaclub.org,ufavisionseoteam22@gmail.com
viperpro.org,ufavisionseoteam22@gmail.com
togo8.org,ufavisionseoteam22@gmail.com
tgz888.org,ufavisionseoteam22@gmail.com
moneyplus99.org,ufavisionseoteam22@gmail.com
lucas88.com,ufavisionseoteam22@gmail.com
lucas88.net,ufavisionseoteam22@gmail.com
amb59.com,ufavisionseoteam22@gmail.com
amb59.net,ufavisionseoteam22@gmail.com
amb59.org,ufavisionseoteam22@gmail.com
th88win.net,ufavisionseoteam22@gmail.com
th88win.org,ufavisionseoteam22@gmail.com
la6395.net,ufavisionseoteam22@gmail.com
la6395.org,ufavisionseoteam22@gmail.com
parisrich.net,ufavisionseoteam22@gmail.com
parisrich.org,ufavisionseoteam22@gmail.com
tpx89.net,ufavisionseoteam22@gmail.com
tpx89.org,ufavisionseoteam22@gmail.com
marwinbet.org,ufavisionseoteam22@gmail.com
winners789.org,ufavisionseoteam22@gmail.com
ballhub.org,ufavisionseoteam22@gmail.com
vklot.info,ufavisionseoteam22@gmail.com
uzitcl.info,ufavisionseoteam22@gmail.com
168club.info,ufavisionseoteam22@gmail.com
peru88.info,ufavisionseoteam22@gmail.com
heng123.info,ufavisionseoteam22@gmail.com
vipgame8.info,ufavisionseoteam22@gmail.com
flowkiing.com,ufavisionseoteam22@gmail.com
flowkiing.org,ufavisionseoteam22@gmail.com
akywin.net,ufavisionseoteam22@gmail.com
akywin.org,ufavisionseoteam22@gmail.com
vgsiam.org,ufavisionseoteam22@gmail.com
ufagreat.info,ufavisionseoteam22@gmail.com
m4plus.info,ufavisionseoteam22@gmail.com
betflix248.net,ufavisionseoteam22@gmail.com
betflix248.org,ufavisionseoteam22@gmail.com
wowb168.org,ufavisionseoteam22@gmail.com
bogat68.net,ufavisionseoteam22@gmail.com
bcozbet.info,ufavisionseoteam22@gmail.com
newgen88.org,ufavisionseoteam22@gmail.com
betflixdc.org,ufavisionseoteam22@gmail.com
nagoya168.org,ufavisionseoteam22@gmail.com
ktv42.net,ufavisionseoteam22@gmail.com
ktv42.org,ufavisionseoteam22@gmail.com
miamiclub.net,ufavisionseoteam22@gmail.com
sloth1688.com,ufavisionseoteam22@gmail.com
suga88.org,ufavisionseoteam22@gmail.com
pg42s.net,ufavisionseoteam22@gmail.com
ufa29.net,ufavisionseoteam22@gmail.com
pgxo888.net,ufavisionseoteam22@gmail.com
pgxo888.org,ufavisionseoteam22@gmail.com
marbo168.com,ufavisionseoteam22@gmail.com
marbo168.net,ufavisionseoteam22@gmail.com
marbo168.org,ufavisionseoteam22@gmail.com
redbull789.org,ufavisionseoteam22@gmail.com
bkingpg.com,ufavisionseoteam22@gmail.com
bkingpg.net,ufavisionseoteam22@gmail.com
onelab66.com,ufavisionseoteam22@gmail.com
onelab66.net,ufavisionseoteam22@gmail.com
onelab66.org,ufavisionseoteam22@gmail.com
welloff789.net,ufavisionseoteam22@gmail.com
welloff789.org,ufavisionseoteam22@gmail.com
kkplayzone.net,ufavisionseoteam22@gmail.com
kkplayzone.org,ufavisionseoteam22@gmail.com
evo168usd.info,ufavisionseoteam22@gmail.com
storm168.info,ufavisionseoteam22@gmail.com
ufagold69.info,ufavisionseoteam22@gmail.com
i1win.info,ufavisionseoteam22@gmail.com
lexusvip888.info,ufavisionseoteam22@gmail.com
pgfans888.info,ufavisionseoteam22@gmail.com
stakeauto168.info,ufavisionseoteam22@gmail.com
stake168.info,ufavisionseoteam22@gmail.com
zuza89.com,ufavisionseoteam22@gmail.com
apex96.net,ufavisionseoteam22@gmail.com
apex96.org,ufavisionseoteam22@gmail.com
roxket889.com,ufavisionseoteam22@gmail.com
roxket889.net,ufavisionseoteam22@gmail.com
roxket889.org,ufavisionseoteam22@gmail.com
vince999.net,ufavisionseoteam22@gmail.com
tiger1234.org,ufavisionseoteam22@gmail.com
dimowinning.org,ufavisionseoteam22@gmail.com
ufa88king.net,ufavisionseoteam22@gmail.com
candy289.info,ufavisionseoteam22@gmail.com
1g11.info,ufavisionseoteam22@gmail.com
wang96.info,ufavisionseoteam22@gmail.com
amb888.net,ufavisionseoteam22@gmail.com
one999bet.net,ufavisionseoteam22@gmail.com
klv225.net,ufavisionseoteam22@gmail.com
mgmsportlive.com,ufavisionseoteam22@gmail.com
mgmsportlive.net,ufavisionseoteam22@gmail.com
mgmsportlive.org,ufavisionseoteam22@gmail.com
ufa47s.net,ufavisionseoteam22@gmail.com
fullbetth2.net,ufavisionseoteam22@gmail.com
loki789v4.net,ufavisionseoteam22@gmail.com
kyoto888.org,ufavisionseoteam22@gmail.com
hob777.info,ufavisionseoteam22@gmail.com
manee159.org,ufavisionseoteam22@gmail.com
society789.net,ufavisionseoteam22@gmail.com
slotxoz1688.net,ufavisionseoteam22@gmail.com
gmz147.org,ufavisionseoteam22@gmail.com
ufam289.org,ufavisionseoteam22@gmail.com
ufagold.net,ufavisionseoteam22@gmail.com
ufa3939.net,ufavisionseoteam22@gmail.com
hilo89.net,ufavisionseoteam22@gmail.com
richwin168.org,ufavisionseoteam22@gmail.com
pool55.net,ufavisionseoteam22@gmail.com
pool55.org,ufavisionseoteam22@gmail.com
daka1688.com,ufavisionseoteam22@gmail.com
daka1688.net,ufavisionseoteam22@gmail.com
stang888.org,ufavisionseoteam22@gmail.com
rh159.net,ufavisionseoteam22@gmail.com
rh159.org,ufavisionseoteam22@gmail.com
ronda88.com,ufavisionseoteam22@gmail.com
bgx168.net,ufavisionseoteam22@gmail.com
bgx168.org,ufavisionseoteam22@gmail.com
saj88.net,ufavisionseoteam22@gmail.com
saj88.org,ufavisionseoteam22@gmail.com
lomafin1.net,ufavisionseoteam22@gmail.com
lomafin1.org,ufavisionseoteam22@gmail.com
onebet24hr.net,ufavisionseoteam22@gmail.com
onebet24hr.org,ufavisionseoteam22@gmail.com
atb88.info,ufavisionseoteam22@gmail.com
flixmacau.info,ufavisionseoteam22@gmail.com
chaba365.info,ufavisionseoteam22@gmail.com
allonewin.org,ufavisionseoteam22@gmail.com
sheep69.net,ufavisionseoteam22@gmail.com
sheep69.org,ufavisionseoteam22@gmail.com
lotso88.net,ufavisionseoteam22@gmail.com
rov168.org,ufavisionseoteam22@gmail.com
pgbkk.net,ufavisionseoteam22@gmail.com
pgbkk.org,ufavisionseoteam22@gmail.com
winner7895.net,ufavisionseoteam22@gmail.com
winner7895.org,ufavisionseoteam22@gmail.com
demon168.org,ufavisionseoteam22@gmail.com
kingdom777.info,ufavisionseoteam22@gmail.com
boost4fatcash.info,ufavisionseoteam22@gmail.com
queenxxbet.info,ufavisionseoteam22@gmail.com
kingdiamond.org,ufavisionseoteam22@gmail.com
tig88.org,ufavisionseoteam22@gmail.com
adm289.org,ufavisionseoteam22@gmail.com
avg168.org,ufavisionseoteam22@gmail.com
sexy9bet.net,ufavisionseoteam22@gmail.com
sexy9bet.org,ufavisionseoteam22@gmail.com
pgverse.org,ufavisionseoteam22@gmail.com
luna689.net,ufavisionseoteam22@gmail.com
fifa368.org,ufavisionseoteam22@gmail.com
yummy55.net,ufavisionseoteam22@gmail.com
yummy55.org,ufavisionseoteam22@gmail.com
9kk88.com,ufavisionseoteam22@gmail.com
9kk88.net,ufavisionseoteam22@gmail.com
betflik789.net,ufavisionseoteam22@gmail.com
jk24bet.org,ufavisionseoteam22@gmail.com
onewin999.net,ufavisionseoteam22@gmail.com
jooxfun.info,ufavisionseoteam22@gmail.com
wisdomwin.info,ufavisionseoteam22@gmail.com
bahthai168.info,ufavisionseoteam22@gmail.com
usclub88.info,ufavisionseoteam22@gmail.com
mmgoat.net,ufavisionseoteam22@gmail.com
mmgoat.org,ufavisionseoteam22@gmail.com
pgfilx.org,ufavisionseoteam22@gmail.com
88play.info,ufavisionseoteam22@gmail.com
rk98.info,ufavisionseoteam22@gmail.com
tg711.info,ufavisionseoteam22@gmail.com
rajah789.info,ufavisionseoteam22@gmail.com
queenplay88.info,ufavisionseoteam22@gmail.com
pgz777.info,ufavisionseoteam22@gmail.com
slime88.info,ufavisionseoteam22@gmail.com
lucabet50.net,ufavisionseoteam22@gmail.com
utaslot.net,ufavisionseoteam22@gmail.com
utaslot.org,ufavisionseoteam22@gmail.com
zettoslot.org,ufavisionseoteam22@gmail.com
bckub88.info,ufavisionseoteam22@gmail.com
xavier88.info,ufavisionseoteam22@gmail.com
tj88bet.info,ufavisionseoteam22@gmail.com
mcrownth.info,ufavisionseoteam22@gmail.com
grandmaxs.net,ufavisionseoteam22@gmail.com
grandmaxs.org,ufavisionseoteam22@gmail.com
win789th.org,ufavisionseoteam22@gmail.com
rukibet88.org,ufavisionseoteam22@gmail.com
priz888.net,ufavisionseoteam22@gmail.com
priz888.org,ufavisionseoteam22@gmail.com
aztecfun.org,ufavisionseoteam22@gmail.com
versace888.org,ufavisionseoteam22@gmail.com
eurowine9com.com,ufavisionseoteam22@gmail.com
eurowine9com.net,ufavisionseoteam22@gmail.com
eurowine9com.org,ufavisionseoteam22@gmail.com
eurowine9con.com,ufavisionseoteam22@gmail.com
eurowine9con.net,ufavisionseoteam22@gmail.com
777beer.app,ufavisionseoteam22@gmail.com
euro777.app,ufavisionseoteam22@gmail.com
ufathpro.app,ufavisionseoteam22@gmail.com
star5566.app,ufavisionseoteam22@gmail.com
boss369.live,ufavisionseoteam22@gmail.com
eurowine8.app,ufavisionseoteam22@gmail.com
ufa777beer.com,ufavisionseoteam22@gmail.com
ugames777.app,ufavisionseoteam22@gmail.com
lion777apple376.org,ufavisionseoteam22@gmail.com
lion777apple376.app,ufavisionseoteam22@gmail.com
time899.live,ufavisionseoteam22@gmail.com
ufawallet.app,ufavisionseoteam22@gmail.com
ufafin77.net,ufavisionseoteam22@gmail.com
ufamobile.net,ufavisionseoteam22@gmail.com
ufa1999.net,ufavisionseoteam22@gmail.com
u6pro.info,ufavisionseoteam22@gmail.com
ufaplay168.org,ufavisionseoteam22@gmail.com
gs779.net,ufavisionseoteam22@gmail.com
gs779.org,ufavisionseoteam22@gmail.com
wowfinn.net,ufavisionseoteam22@gmail.com
betflixoriginal.org,ufavisionseoteam22@gmail.com
lavakub888.org,ufavisionseoteam22@gmail.com
bfog.info,ufavisionseoteam22@gmail.com
winsjpg.info,ufavisionseoteam22@gmail.com
ufupg.info,ufavisionseoteam22@gmail.com
visagame.info,ufavisionseoteam22@gmail.com
sspace.info,ufavisionseoteam22@gmail.com
dmc89.info,ufavisionseoteam22@gmail.com
betflix25.info,ufavisionseoteam22@gmail.com
eurowine9con.org,ufavisionseoteam22@gmail.com
eurowin9.com,ufavisionseoteam22@gmail.com
eurowin9.net,ufavisionseoteam22@gmail.com
eurowin9.org,ufavisionseoteam22@gmail.com
eurowine99.com,ufavisionseoteam22@gmail.com
eurowine99.net,ufavisionseoteam22@gmail.com
eurowine99.org,ufavisionseoteam22@gmail.com
mstbet168.net,ufavisionseoteam22@gmail.com
mstbet168.org,ufavisionseoteam22@gmail.com
aw8vip.net,ufavisionseoteam22@gmail.com
winwinrich.org,ufavisionseoteam22@gmail.com
winrich.org,ufavisionseoteam22@gmail.com
lavia168.info,ufavisionseoteam22@gmail.com
boombet77.info,ufavisionseoteam22@gmail.com
classy888.info,ufavisionseoteam22@gmail.com
nigoal988.info,ufavisionseoteam22@gmail.com
horny88plus.info,ufavisionseoteam22@gmail.com
zeny66.net,ufavisionseoteam22@gmail.com
zeny66.org,ufavisionseoteam22@gmail.com
playzzy777.net,ufavisionseoteam22@gmail.com
playzzy777.org,ufavisionseoteam22@gmail.com
slot6888.org,ufavisionseoteam22@gmail.com
heng68.org,ufavisionseoteam22@gmail.com
gg59.org,ufavisionseoteam22@gmail.com
mabo45.org,ufavisionseoteam22@gmail.com
longmen168.org,ufavisionseoteam22@gmail.com
mn24.org,ufavisionseoteam22@gmail.com
siba365.info,ufavisionseoteam22@gmail.com
4x4betz.info,ufavisionseoteam22@gmail.com
hengplus.info,ufavisionseoteam22@gmail.com
shwaybet.info,ufavisionseoteam22@gmail.com
cvo555.info,ufavisionseoteam22@gmail.com
goldheng888.org,ufavisionseoteam22@gmail.com
allplay999.net,ufavisionseoteam22@gmail.com
pp89.net,ufavisionseoteam22@gmail.com
fookbet.net,ufavisionseoteam22@gmail.com
fookbet.org,ufavisionseoteam22@gmail.com
carnival168.com,ufavisionseoteam22@gmail.com
carnival168.net,ufavisionseoteam22@gmail.com
carnival168.org,ufavisionseoteam22@gmail.com
finland88.org,ufavisionseoteam22@gmail.com
paotung69.org,ufavisionseoteam22@gmail.com
leoclub7.org,ufavisionseoteam22@gmail.com
ufa038.net,ufavisionseoteam22@gmail.com
ufaslotswallet.net,ufavisionseoteam22@gmail.com
th88win.com,ufavisionseoteam22@gmail.com
vongkaslot.net,ufavisionseoteam22@gmail.com
vongkaslot.org,ufavisionseoteam22@gmail.com
sbp999.net,ufavisionseoteam22@gmail.com
sbp999.org,ufavisionseoteam22@gmail.com
gmaxwin.net,ufavisionseoteam22@gmail.com
gmaxwin.org,ufavisionseoteam22@gmail.com
pp9.info,ufavisionseoteam22@gmail.com
zappspin.org,ufavisionseoteam22@gmail.com
maximum888.org,ufavisionseoteam22@gmail.com
la888.net,ufavisionseoteam22@gmail.com
ufaatm.com,ufavisionseoteam22@gmail.com
ufafin911.org,ufavisionseoteam22@gmail.com
ho877.net,ufavisionseoteam22@gmail.com
ho877.org,ufavisionseoteam22@gmail.com
atm365.org,ufavisionseoteam22@gmail.com
sydney877.net,ufavisionseoteam22@gmail.com
sydney877.org,ufavisionseoteam22@gmail.com
maxnum7.com,ufavisionseoteam22@gmail.com
maxnum7.net,ufavisionseoteam22@gmail.com
maxnum7.org,ufavisionseoteam22@gmail.com
stepgod.org,ufavisionseoteam22@gmail.com
perfects123.org,ufavisionseoteam22@gmail.com
honey1688.net,ufavisionseoteam22@gmail.com
honey1688.org,ufavisionseoteam22@gmail.com
asiawin55.net,ufavisionseoteam22@gmail.com
gdpslot.net,ufavisionseoteam22@gmail.com
mind299th.net,ufavisionseoteam22@gmail.com
romaclub89.org,ufavisionseoteam22@gmail.com
targa1688.info,ufavisionseoteam22@gmail.com
jazz55.info,ufavisionseoteam22@gmail.com
windragon239.info,ufavisionseoteam22@gmail.com
mind299.info,ufavisionseoteam22@gmail.com
ufa500.info,ufavisionseoteam22@gmail.com
grandmadrid.info,ufavisionseoteam22@gmail.com
bigiwin.info,ufavisionseoteam22@gmail.com
akgame365.info,ufavisionseoteam22@gmail.com
jackxxxbet.org,ufavisionseoteam22@gmail.com
razors88.info,ufavisionseoteam22@gmail.com
aa9win.info,ufavisionseoteam22@gmail.com
poring877.net,ufavisionseoteam22@gmail.com
sexy678.net,ufavisionseoteam22@gmail.com
sexy678.org,ufavisionseoteam22@gmail.com
gala5888.net,ufavisionseoteam22@gmail.com
joker2499.org,ufavisionseoteam22@gmail.com
kla46.net,ufavisionseoteam22@gmail.com
kla46.org,ufavisionseoteam22@gmail.com
slow99.net,ufavisionseoteam22@gmail.com
slow99.org,ufavisionseoteam22@gmail.com
lotto36.org,ufavisionseoteam22@gmail.com
progaming888.net,ufavisionseoteam22@gmail.com
progaming888.org,ufavisionseoteam22@gmail.com
mooheng.net,ufavisionseoteam22@gmail.com
mooheng.org,ufavisionseoteam22@gmail.com
audi68.net,ufavisionseoteam22@gmail.com
audi68.org,ufavisionseoteam22@gmail.com
tig168.net,ufavisionseoteam22@gmail.com
hyperclubth.org,ufavisionseoteam22@gmail.com
luxkywin.info,ufavisionseoteam22@gmail.com
naja69.info,ufavisionseoteam22@gmail.com
ruayheng.info,ufavisionseoteam22@gmail.com
progaming88.info,ufavisionseoteam22@gmail.com
gamblechest.info,ufavisionseoteam22@gmail.com
meesup168.net,ufavisionseoteam22@gmail.com
meesup168.org,ufavisionseoteam22@gmail.com
devilclub999.net,ufavisionseoteam22@gmail.com
kingxwin.org,ufavisionseoteam22@gmail.com
pepo789.net,ufavisionseoteam22@gmail.com
pepo789.org,ufavisionseoteam22@gmail.com
heng808.org,ufavisionseoteam22@gmail.com
jodan189.net,ufavisionseoteam22@gmail.com
neon24h6.net,ufavisionseoteam22@gmail.com
lionth88.net,ufavisionseoteam22@gmail.com
lionth88.org,ufavisionseoteam22@gmail.com
ufanance7.org,ufavisionseoteam22@gmail.com
ufazeed12.org,ufavisionseoteam22@gmail.com
chinjung168.com,ufavisionseoteam22@gmail.com
chinjung168.net,ufavisionseoteam22@gmail.com
chinjung168.org,ufavisionseoteam22@gmail.com
ajm69.info,ufavisionseoteam22@gmail.com
ricco88.com,ufavisionseoteam22@gmail.com
grandgame999.com,ufavisionseoteam22@gmail.com
ajm4x4v1.com,ufavisionseoteam22@gmail.com
em199vip.com,ufavisionseoteam22@gmail.com
marbo88.com,ufavisionseoteam22@gmail.com
dragons168.com,ufavisionseoteam22@gmail.com
pg42z.com,ufavisionseoteam22@gmail.com
popup168.com,ufavisionseoteam22@gmail.com
area789th.com,ufavisionseoteam22@gmail.com
betflixsworld.com,ufavisionseoteam22@gmail.com
l86com.com,ufavisionseoteam22@gmail.com
lukwin88o.org,ufavisionseoteam22@gmail.com
ok918com.org,ufavisionseoteam22@gmail.com
ruaysup888.org,ufavisionseoteam22@gmail.com
lv6866.net,ufavisionseoteam22@gmail.com
ok918com.net,ufavisionseoteam22@gmail.com
pop369th.net,ufavisionseoteam22@gmail.com
ufanice.bet,ufavisionseoteam22@gmail.com
ufanice.app,ufavisionseoteam22@gmail.com
ufanice.pro,ufavisionseoteam22@gmail.com
ipro789.net,ufavisionseoteam22@gmail.com
lockdown168m.net,ufavisionseoteam22@gmail.com
sexygame666m.net,ufavisionseoteam22@gmail.com
lalikabet66d.net,ufavisionseoteam22@gmail.com
ipro879.info,ufavisionseoteam22@gmail.com
pariswingameauto.net,ufavisionseoteam22@gmail.com
pariswingameauto.org,ufavisionseoteam22@gmail.com
snk99.org,ufavisionseoteam22@gmail.com
bkk89.info,ufavisionseoteam22@gmail.com
city169.info,ufavisionseoteam22@gmail.com
area789.net,ufavisionseoteam22@gmail.com
avenger777.net,ufavisionseoteam22@gmail.com
ajm365.net,ufavisionseoteam22@gmail.com
balencking.net,ufavisionseoteam22@gmail.com
hitspinbet.net,ufavisionseoteam22@gmail.com
jackpot13k.net,ufavisionseoteam22@gmail.com
mahanakhon789.net,ufavisionseoteam22@gmail.com
kobe99.net,ufavisionseoteam22@gmail.com
77wth.net,ufavisionseoteam22@gmail.com
ep191bet.net,ufavisionseoteam22@gmail.com
satu55.net,ufavisionseoteam22@gmail.com
lml689.net,ufavisionseoteam22@gmail.com
pgrich789.net,ufavisionseoteam22@gmail.com
betflikkiss.net,ufavisionseoteam22@gmail.com
mim689.net,ufavisionseoteam22@gmail.com
pgnarok.net,ufavisionseoteam22@gmail.com
messistar.net,ufavisionseoteam22@gmail.com
neon168s.net,ufavisionseoteam22@gmail.com
akgame168.net,ufavisionseoteam22@gmail.com
bet5688a.net,ufavisionseoteam22@gmail.com
dragongamings.net,ufavisionseoteam22@gmail.com
ib8888.net,ufavisionseoteam22@gmail.com
jingjai789.net,ufavisionseoteam22@gmail.com
posidon99.net,ufavisionseoteam22@gmail.com
37win77.net,ufavisionseoteam22@gmail.com
55p62.net,ufavisionseoteam22@gmail.com
h25aa.net,ufavisionseoteam22@gmail.com
khumsup889.net,ufavisionseoteam22@gmail.com
fomo66.net,ufavisionseoteam22@gmail.com
atp168vip.net,ufavisionseoteam22@gmail.com
fast88s.net,ufavisionseoteam22@gmail.com
go58bet.net,ufavisionseoteam22@gmail.com
godbet88.net,ufavisionseoteam22@gmail.com
jackpot1678.net,ufavisionseoteam22@gmail.com
s4king.net,ufavisionseoteam22@gmail.com
betflixbts.net,ufavisionseoteam22@gmail.com
kd555.net,ufavisionseoteam22@gmail.com
max169bet.net,ufavisionseoteam22@gmail.com
memrsl888.net,ufavisionseoteam22@gmail.com
12play26.net,ufavisionseoteam22@gmail.com
em559.net,ufavisionseoteam22@gmail.com
hunter168.net,ufavisionseoteam22@gmail.com
hotbet168.net,ufavisionseoteam22@gmail.com
kovip1.net,ufavisionseoteam22@gmail.com
4kingbet789.net,ufavisionseoteam22@gmail.com
72thvip.net,ufavisionseoteam22@gmail.com
hengdee88.net,ufavisionseoteam22@gmail.com
pg15kbet.net,ufavisionseoteam22@gmail.com
playvictor89.net,ufavisionseoteam22@gmail.com
pxj999.net,ufavisionseoteam22@gmail.com
pgslot4in.net,ufavisionseoteam22@gmail.com
789kwins.net,ufavisionseoteam22@gmail.com
rm6vip.net,ufavisionseoteam22@gmail.com
ekee888.net,ufavisionseoteam22@gmail.com
79z3.net,ufavisionseoteam22@gmail.com
aflambo01.net,ufavisionseoteam22@gmail.com
ak555bet.net,ufavisionseoteam22@gmail.com
jack22th.net,ufavisionseoteam22@gmail.com
rich6bet.net,ufavisionseoteam22@gmail.com
rm66game.net,ufavisionseoteam22@gmail.com
d199aa.net,ufavisionseoteam22@gmail.com
d199kkk.net,ufavisionseoteam22@gmail.com
everwin88.net,ufavisionseoteam22@gmail.com
fastbet999.net,ufavisionseoteam22@gmail.com
hengfu88.net,ufavisionseoteam22@gmail.com
jilix59.net,ufavisionseoteam22@gmail.com
lucabet123th.net,ufavisionseoteam22@gmail.com
joker234.org,ufavisionseoteam22@gmail.com
bigboy168.org,ufavisionseoteam22@gmail.com
bigbet789.org,ufavisionseoteam22@gmail.com
lalikabet168.org,ufavisionseoteam22@gmail.com
mahanakhon789.org,ufavisionseoteam22@gmail.com
cy268.org,ufavisionseoteam22@gmail.com
paradise1club.org,ufavisionseoteam22@gmail.com
luna88bet.org,ufavisionseoteam22@gmail.com
pgjokerauto.org,ufavisionseoteam22@gmail.com
luca789.org,ufavisionseoteam22@gmail.com
kc9vip.org,ufavisionseoteam22@gmail.com
bitbet44.org,ufavisionseoteam22@gmail.com
sagame66f.org,ufavisionseoteam22@gmail.com
bwww6.org,ufavisionseoteam22@gmail.com
pp9bet.org,ufavisionseoteam22@gmail.com
aka11.org,ufavisionseoteam22@gmail.com
all4slot.org,ufavisionseoteam22@gmail.com
messistar.org,ufavisionseoteam22@gmail.com
dt888.org,ufavisionseoteam22@gmail.com
kv62.org,ufavisionseoteam22@gmail.com
ajm4x4v1.org,ufavisionseoteam22@gmail.com
akgame168.org,ufavisionseoteam22@gmail.com
jingjai789.org,ufavisionseoteam22@gmail.com
lazywin88.org,ufavisionseoteam22@gmail.com
019p6.org,ufavisionseoteam22@gmail.com
1xshott.org,ufavisionseoteam22@gmail.com
72thwin.org,ufavisionseoteam22@gmail.com
alucy888.org,ufavisionseoteam22@gmail.com
bk13k.org,ufavisionseoteam22@gmail.com
darkslot.org,ufavisionseoteam22@gmail.com
ambwiner.org,ufavisionseoteam22@gmail.com
mirr168.org,ufavisionseoteam22@gmail.com
posidon99.org,ufavisionseoteam22@gmail.com
14pxj.org,ufavisionseoteam22@gmail.com
37win77.org,ufavisionseoteam22@gmail.com
khumsup889.org,ufavisionseoteam22@gmail.com
p6kkk.org,ufavisionseoteam22@gmail.com
em199vip.org,ufavisionseoteam22@gmail.com
fomo66.org,ufavisionseoteam22@gmail.com
ak999vip.org,ufavisionseoteam22@gmail.com
betting789.org,ufavisionseoteam22@gmail.com
fast88s.org,ufavisionseoteam22@gmail.com
funclup99.org,ufavisionseoteam22@gmail.com
go58bet.org,ufavisionseoteam22@gmail.com
mim888.org,ufavisionseoteam22@gmail.com
one889.org,ufavisionseoteam22@gmail.com
p31bet.org,ufavisionseoteam22@gmail.com
s4king.org,ufavisionseoteam22@gmail.com
bet5688p.org,ufavisionseoteam22@gmail.com
e19th.org,ufavisionseoteam22@gmail.com
gtxwin.org,ufavisionseoteam22@gmail.com
n98b.org,ufavisionseoteam22@gmail.com
nowpgbig1688.org,ufavisionseoteam22@gmail.com
racha717v2.org,ufavisionseoteam22@gmail.com
12play26.org,ufavisionseoteam22@gmail.com
huc66win.org,ufavisionseoteam22@gmail.com
l86com.org,ufavisionseoteam22@gmail.com
lion589.org,ufavisionseoteam22@gmail.com
lionmall666.org,ufavisionseoteam22@gmail.com
neko999v3.org,ufavisionseoteam22@gmail.com
777pxj.org,ufavisionseoteam22@gmail.com
hotbet168.org,ufavisionseoteam22@gmail.com
m358thai.org,ufavisionseoteam22@gmail.com
pxj08.org,ufavisionseoteam22@gmail.com
rollsroyce168.org,ufavisionseoteam22@gmail.com
sawan369.org,ufavisionseoteam22@gmail.com
3713n3.org,ufavisionseoteam22@gmail.com
4kingbet789.org,ufavisionseoteam22@gmail.com
dg88bet.org,ufavisionseoteam22@gmail.com
dragons168.org,ufavisionseoteam22@gmail.com
fafa888bkk1.org,ufavisionseoteam22@gmail.com
fkthai.org,ufavisionseoteam22@gmail.com
hit168fun.org,ufavisionseoteam22@gmail.com
kp168.org,ufavisionseoteam22@gmail.com
like333.org,ufavisionseoteam22@gmail.com
mgm6658.org,ufavisionseoteam22@gmail.com
nakaways.org,ufavisionseoteam22@gmail.com
pg15kbet.org,ufavisionseoteam22@gmail.com
762thwin.org,ufavisionseoteam22@gmail.com
fafa100bkk.org,ufavisionseoteam22@gmail.com
lvvip99.org,ufavisionseoteam22@gmail.com
omexgame.org,ufavisionseoteam22@gmail.com
pig55.org,ufavisionseoteam22@gmail.com
ppg168.org,ufavisionseoteam22@gmail.com
pxj999.org,ufavisionseoteam22@gmail.com
001p6.org,ufavisionseoteam22@gmail.com
hunter88club.org,ufavisionseoteam22@gmail.com
kovip3.org,ufavisionseoteam22@gmail.com
lanslotauto.org,ufavisionseoteam22@gmail.com
kt888bet.org,ufavisionseoteam22@gmail.com
ktv888s.org,ufavisionseoteam22@gmail.com
laoss88.org,ufavisionseoteam22@gmail.com
